{
    "name": "root",
    "gauges": {
        "CollectAgents2.Policy.Entropy.mean": {
            "value": 1.5231887102127075,
            "min": 1.378149390220642,
            "max": 1.5231887102127075,
            "count": 26
        },
        "CollectAgents2.Policy.Entropy.sum": {
            "value": 30296.22265625,
            "min": 15403.576171875,
            "max": 30304.46875,
            "count": 26
        },
        "CollectAgents2.Environment.EpisodeLength.mean": {
            "value": 0.07003004247384233,
            "min": 0.0007004903432402681,
            "max": 2.9543007738028484,
            "count": 24
        },
        "CollectAgents2.Environment.EpisodeLength.sum": {
            "value": 1352.0,
            "min": 14.0,
            "max": 52687.0,
            "count": 24
        },
        "CollectAgents2.Step.mean": {
            "value": 879999.0,
            "min": 379999.0,
            "max": 879999.0,
            "count": 26
        },
        "CollectAgents2.Step.sum": {
            "value": 879999.0,
            "min": 379999.0,
            "max": 879999.0,
            "count": 26
        },
        "CollectAgents2.Policy.ExtrinsicValueEstimate.mean": {
            "value": 0.9998783469200134,
            "min": 0.04939761385321617,
            "max": 1.0009865760803223,
            "count": 26
        },
        "CollectAgents2.Policy.ExtrinsicValueEstimate.sum": {
            "value": 19307.650390625,
            "min": 7.706027984619141,
            "max": 19986.8203125,
            "count": 26
        },
        "CollectAgents2.Environment.CumulativeReward.mean": {
            "value": 1.0,
            "min": 1.0,
            "max": 1.0,
            "count": 24
        },
        "CollectAgents2.Environment.CumulativeReward.sum": {
            "value": 19305.0,
            "min": 6481.0,
            "max": 19986.0,
            "count": 24
        },
        "CollectAgents2.Policy.ExtrinsicReward.mean": {
            "value": 1.0,
            "min": 1.0,
            "max": 1.0,
            "count": 24
        },
        "CollectAgents2.Policy.ExtrinsicReward.sum": {
            "value": 19305.0,
            "min": 6481.0,
            "max": 19986.0,
            "count": 24
        },
        "CollectAgents2.Losses.PolicyLoss.mean": {
            "value": 0.032462687364992845,
            "min": 0.0168808861184516,
            "max": 0.07083759863960629,
            "count": 26
        },
        "CollectAgents2.Losses.PolicyLoss.sum": {
            "value": 0.3246268736499284,
            "min": 0.168808861184516,
            "max": 0.7083759863960628,
            "count": 26
        },
        "CollectAgents2.Losses.ValueLoss.mean": {
            "value": 0.000245796090690246,
            "min": 4.11375480854718e-06,
            "max": 0.0027412646115359523,
            "count": 26
        },
        "CollectAgents2.Losses.ValueLoss.sum": {
            "value": 0.00245796090690246,
            "min": 4.003104619339689e-05,
            "max": 0.027412646115359523,
            "count": 26
        },
        "CollectAgents2.Policy.LearningRate.mean": {
            "value": 0.0002869542868485725,
            "min": 0.0002869542868485725,
            "max": 0.00029437545187484997,
            "count": 26
        },
        "CollectAgents2.Policy.LearningRate.sum": {
            "value": 0.002869542868485725,
            "min": 0.0014718772593742499,
            "max": 0.002941449394516875,
            "count": 26
        },
        "CollectAgents2.Policy.Epsilon.mean": {
            "value": 0.1956514275,
            "min": 0.1956514275,
            "max": 0.19812515,
            "count": 26
        },
        "CollectAgents2.Policy.Epsilon.sum": {
            "value": 1.956514275,
            "min": 0.99062575,
            "max": 1.9804831250000001,
            "count": 26
        },
        "CollectAgents2.Policy.Beta.mean": {
            "value": 0.004783006232250001,
            "min": 0.004783006232250001,
            "max": 0.004906444984999999,
            "count": 26
        },
        "CollectAgents2.Policy.Beta.sum": {
            "value": 0.047830062322500005,
            "min": 0.024532224925,
            "max": 0.0490261079375,
            "count": 26
        },
        "CollectAgents2.IsTraining.mean": {
            "value": 1.0,
            "min": 1.0,
            "max": 1.0,
            "count": 26
        },
        "CollectAgents2.IsTraining.sum": {
            "value": 1.0,
            "min": 1.0,
            "max": 1.0,
            "count": 26
        }
    },
    "metadata": {
        "timer_format_version": "0.1.0",
        "start_time_seconds": "1701575421",
        "python_version": "3.8.13 (default, Oct 19 2022, 22:38:03) [MSC v.1916 64 bit (AMD64)]",
        "command_line_arguments": "\\\\?\\C:\\Users\\syspla\\Anaconda\\envs\\mlagents19\\Scripts\\mlagents-learn \\Users\\syspla\\1130-Mlagents-cnn\\config\\CollectAgents2.yaml --run-id=1203-def-1 --resume",
        "mlagents_version": "0.28.0",
        "mlagents_envs_version": "0.28.0",
        "communication_protocol_version": "1.5.0",
        "pytorch_version": "1.9.1+cu111",
        "numpy_version": "1.20.0",
        "end_time_seconds": "1701672008"
    },
    "total": 64168.4894175,
    "count": 1,
    "self": 0.004066599998623133,
    "children": {
        "run_training.setup": {
            "total": 0.16076029999999975,
            "count": 1,
            "self": 0.16076029999999975
        },
        "TrainerController.start_learning": {
            "total": 64168.3245906,
            "count": 1,
            "self": 16.51756730109628,
            "children": {
                "TrainerController._reset_env": {
                    "total": 10.517619799999999,
                    "count": 1,
                    "self": 10.517619799999999
                },
                "TrainerController.advance": {
                    "total": 64141.20267679891,
                    "count": 966831,
                    "self": 7.127213997533545,
                    "children": {
                        "env_step": {
                            "total": 64134.075462801375,
                            "count": 966831,
                            "self": 61608.01012250297,
                            "children": {
                                "SubprocessEnvManager._take_step": {
                                    "total": 2517.4426955993085,
                                    "count": 966831,
                                    "self": 22.434182796909226,
                                    "children": {
                                        "TorchPolicy.evaluate": {
                                            "total": 2495.0085128023993,
                                            "count": 523314,
                                            "self": 1398.2085533029692,
                                            "children": {
                                                "TorchPolicy.sample_actions": {
                                                    "total": 1096.79995949943,
                                                    "count": 523314,
                                                    "self": 1096.79995949943
                                                }
                                            }
                                        }
                                    }
                                },
                                "workers": {
                                    "total": 8.622644699092683,
                                    "count": 966830,
                                    "self": 0.0,
                                    "children": {
                                        "worker_root": {
                                            "total": 64133.1599773013,
                                            "count": 966830,
                                            "is_parallel": true,