{
    "name": "root",
    "metadata": {
        "timer_format_version": "0.1.0",
        "start_time_seconds": "1699889222",
        "python_version": "3.8.13 (default, Oct 19 2022, 22:38:03) [MSC v.1916 64 bit (AMD64)]",
        "command_line_arguments": "\\\\?\\C:\\Users\\syspla\\Anaconda\\envs\\mlagents19\\Scripts\\mlagents-learn \\Users\\syspla\\1106-mlagents-clayxel\\config\\CollectAgent.yaml --run-id=CollectAgents-1113-1 --force",
        "mlagents_version": "0.28.0",
        "mlagents_envs_version": "0.28.0",
        "communication_protocol_version": "1.5.0",
        "pytorch_version": "1.9.1+cu111",
        "numpy_version": "1.20.0",
        "end_time_seconds": "1699889312"
    },
    "total": 89.3831102,
    "count": 1,
    "self": 0.004010199999996189,
    "children": {
        "run_training.setup": {
            "total": 0.054062899999999914,
            "count": 1,
            "self": 0.054062899999999914
        },
        "TrainerController.start_learning": {
            "total": 89.3250371,
            "count": 1,
            "self": 0.00010099999998658404,
            "children": {
                "TrainerController._reset_env": {
                    "total": 6.840836299999999,
                    "count": 1,
                    "self": 6.840836299999999
                },
                "TrainerController.advance": {
                    "total": 81.7457066,
                    "count": 1,
                    "self": 2.7300000013497083e-05,
                    "children": {
                        "env_step": {
                            "total": 81.74567929999999,
                            "count": 1,
                            "self": 81.74567479999999,
                            "children": {
                                "SubprocessEnvManager._take_step": {
                                    "total": 4.499999999296733e-06,
                                    "count": 1,
                                    "self": 4.499999999296733e-06
                                }
                            }
                        }
                    }
                },
                "TrainerController._save_models": {
                    "total": 0.7383932000000044,
                    "count": 1,
                    "self": 0.0073914000000030455,
                    "children": {
                        "RLTrainer._checkpoint": {
                            "total": 0.7310018000000014,
                            "count": 1,
                            "self": 0.7310018000000014
                        }
                    }
                }
            }
        }
    }
}