{
    "name": "root",
    "metadata": {
        "timer_format_version": "0.1.0",
        "start_time_seconds": "1699921674",
        "python_version": "3.8.13 (default, Oct 19 2022, 22:38:03) [MSC v.1916 64 bit (AMD64)]",
        "command_line_arguments": "\\\\?\\C:\\Users\\syspla\\Anaconda\\envs\\mlagents19\\Scripts\\mlagents-learn \\Users\\syspla\\1106-mlagents-clayxel\\config\\CollectAgent.yaml --run-id=collectagent-1114-1",
        "mlagents_version": "0.28.0",
        "mlagents_envs_version": "0.28.0",
        "communication_protocol_version": "1.5.0",
        "pytorch_version": "1.9.1+cu111",
        "numpy_version": "1.20.0",
        "end_time_seconds": "1699921760"
    },
    "total": 86.063608,
    "count": 1,
    "self": 0.004594800000006671,
    "children": {
        "run_training.setup": {
            "total": 0.05403109999999989,
            "count": 1,
            "self": 0.05403109999999989
        },
        "TrainerController.start_learning": {
            "total": 86.00498209999999,
            "count": 1,
            "self": 0.00012769999999306947,
            "children": {
                "TrainerController._reset_env": {
                    "total": 9.1295274,
                    "count": 1,
                    "self": 9.1295274
                },
                "TrainerController.advance": {
                    "total": 75.648624,
                    "count": 1,
                    "self": 3.350000000068576e-05,
                    "children": {
                        "env_step": {
                            "total": 75.6485905,
                            "count": 1,
                            "self": 75.648586,
                            "children": {
                                "SubprocessEnvManager._take_step": {
                                    "total": 4.499999999296733e-06,
                                    "count": 1,
                                    "self": 4.499999999296733e-06
                                }
                            }
                        }
                    }
                },
                "TrainerController._save_models": {
                    "total": 1.2267030000000005,
                    "count": 1,
                    "self": 0.010887900000000172,
                    "children": {
                        "RLTrainer._checkpoint": {
                            "total": 1.2158151000000004,
                            "count": 1,
                            "self": 1.2158151000000004
                        }
                    }
                }
            }
        }
    }
}