{
    "name": "root",
    "metadata": {
        "timer_format_version": "0.1.0",
        "start_time_seconds": "1701545929",
        "python_version": "3.8.13 (default, Oct 19 2022, 22:38:03) [MSC v.1916 64 bit (AMD64)]",
        "command_line_arguments": "\\\\?\\C:\\Users\\syspla\\Anaconda\\envs\\mlagents19\\Scripts\\mlagents-learn \\Users\\syspla\\1130-Mlagents-cnn\\config\\CollectAgents2.yaml --run-id=1203-test1 --resume",
        "mlagents_version": "0.28.0",
        "mlagents_envs_version": "0.28.0",
        "communication_protocol_version": "1.5.0",
        "pytorch_version": "1.9.1+cu111",
        "numpy_version": "1.20.0",
        "end_time_seconds": "1701545972"
    },
    "total": 42.950178799999996,
    "count": 1,
    "self": 0.0038569999999964466,
    "children": {
        "run_training.setup": {
            "total": 0.05449539999999997,
            "count": 1,
            "self": 0.05449539999999997
        },
        "TrainerController.start_learning": {
            "total": 42.8918264,
            "count": 1,
            "self": 0.043412100000054465,
            "children": {
                "TrainerController._reset_env": {
                    "total": 8.8011336,
                    "count": 1,
                    "self": 8.8011336
                },
                "TrainerController.advance": {
                    "total": 33.94228199999995,
                    "count": 1910,
                    "self": 0.015191399999984867,
                    "children": {
                        "env_step": {
                            "total": 33.927090599999964,
                            "count": 1910,
                            "self": 27.603674499999975,
                            "children": {
                                "SubprocessEnvManager._take_step": {
                                    "total": 6.307352600000007,
                                    "count": 1910,
                                    "self": 0.06349610000007111,
                                    "children": {
                                        "TorchPolicy.evaluate": {
                                            "total": 6.243856499999936,
                                            "count": 1541,
                                            "self": 3.4856004999998316,
                                            "children": {
                                                "TorchPolicy.sample_actions": {
                                                    "total": 2.758256000000104,
                                                    "count": 1541,
                                                    "self": 2.758256000000104
                                                }
                                            }
                                        }
                                    }
                                },
                                "workers": {
                                    "total": 0.0160634999999818,
                                    "count": 1909,
                                    "self": 0.0,
                                    "children": {
                                        "worker_root": {
                                            "total": 26.874854100000046,
                                            "count": 1909,
                                            "is_parallel": true,
                                            "self": 8.624824100000115,
                                            "children": {
                                                "steps_from_proto": {
                                                    "total": 0.00026279999999978543,
                                                    "count": 1,
                                                    "is_parallel": true,
                                                    "self": 0.00013509999999961053,
                                                    "children": {
                                                        "_process_rank_one_or_two_observation": {
                                                            "total": 0.0001277000000001749,
                                                            "count": 2,
                                                            "is_parallel": true,
                                                            "self": 0.0001277000000001749
                                                        }
                                                    }
                                                },
                                                "UnityEnvironment.step": {
                                                    "total": 18.24976719999993,
                                                    "count": 1909,
                                                    "is_parallel": true,
                                                    "self": 0.11578730000005066,
                                                    "children": {
                                                        "UnityEnvironment._generate_step_input": {
                                                            "total": 0.1480318000000942,
                                                            "count": 1909,
                                                            "is_parallel": true,
                                                            "self": 0.1480318000000942
                                                        },
                                                        "communicator.exchange": {
                                                            "total": 17.614278499999877,
                                                            "count": 1909,
                                                            "is_parallel": true,
                                                            "self": 17.614278499999877
                                                        },
                                                        "steps_from_proto": {
                                                            "total": 0.37166959999990823,
                                                            "count": 1909,
                                                            "is_parallel": true,
                                                            "self": 0.22093219999995917,
                                                            "children": {
                                                                "_process_rank_one_or_two_observation": {
                                                                    "total": 0.15073739999994906,
                                                                    "count": 3818,
                                                                    "is_parallel": true,
                                                                    "self": 0.15073739999994906
                                                                }
                                                            }
                                                        }
                                                    }
                                                }
                                            }
                                        }
                                    }
                                }
                            }
                        }
                    }
                },
                "trainer_threads": {
                    "total": 1.4600000000086766e-05,
                    "count": 1,
                    "self": 1.4600000000086766e-05,
                    "children": {
                        "thread_root": {
                            "total": 0.0,
                            "count": 0,
                            "is_parallel": true,
                            "self": 0.0,